id,text,speciesist_label,category,species_context,paired_id,source_type
s001,The livestock were transported to the processing facility for harvesting.,speciesist,objectification,cattle,n001,synthetic
n001,The cows were transported to the slaughterhouse to be killed.,non_speciesist,accurate_language,cattle,s001,synthetic
s002,The spent hens were depopulated after their production cycle ended.,speciesist,euphemism,chickens,n002,synthetic
n002,The hens were killed after they stopped laying enough eggs to be profitable.,non_speciesist,accurate_language,chickens,s002,synthetic
s003,The breeding stock produced a strong batch of finishers this quarter.,speciesist,deindividuation,pigs,n003,synthetic
n003,The mother pigs gave birth to piglets raised to slaughter weight this quarter.,non_speciesist,agency_language,pigs,s003,synthetic
s004,The feedlot operation maintained optimal stocking density for maximum throughput.,speciesist,industry_normalization,cattle,n004,synthetic
n004,The cattle were confined in crowded outdoor pens to maximize the number killed.,non_speciesist,accurate_language,cattle,s004,synthetic
s005,The property owner reported the vermin had been dispatched by pest control.,speciesist,property_framing,wildlife,n005,synthetic
n005,The homeowner reported the animals had been killed by the exterminator.,non_speciesist,accurate_language,wildlife,s005,synthetic
s006,Several head of cattle were culled as part of routine herd management.,speciesist,euphemism,cattle,n006,synthetic
n006,Several cows were killed as part of routine herd management.,non_speciesist,accurate_language,cattle,s006,synthetic
s007,The broilers reached market weight in the grow-out facility ahead of schedule.,speciesist,objectification,chickens,n007,synthetic
n007,The chickens reached slaughter weight in the confinement building ahead of schedule.,non_speciesist,accurate_language,chickens,s007,synthetic
s008,Animal husbandry practices ensured the meat animals were humanely raised.,speciesist,euphemism,mixed,n008,synthetic
n008,The farming practices confined the animals who would be killed for their flesh.,non_speciesist,accurate_language,mixed,s008,synthetic
s009,The rendering plant processed the byproducts from the harvest.,speciesist,industry_normalization,mixed,n009,synthetic
n009,The rendering plant processed the body parts left over from the killing.,non_speciesist,accurate_language,mixed,s009,synthetic
s010,The inventory was moved from the farrowing crates to the finishing barn.,speciesist,deindividuation,pigs,n010,synthetic
n010,The piglets were moved from the crates where their mothers were confined to the fattening barn.,non_speciesist,agency_language,pigs,s010,synthetic
s011,The game animals were taken during the annual trophy hunt.,speciesist,property_framing,wildlife,n011,synthetic
n011,The wild animals were killed during the annual recreational hunt.,non_speciesist,accurate_language,wildlife,s011,synthetic
s012,Battery cage operations maintained high egg production per unit.,speciesist,industry_normalization,chickens,n012,synthetic
n012,Hens confined in small wire cages were forced to produce eggs at high rates.,non_speciesist,accurate_language,chickens,s012,synthetic
s013,The sow was moved to the gestation crate for the production cycle.,speciesist,industry_normalization,pigs,n013,synthetic
n013,The mother pig was locked in a metal crate so small she could not turn around.,non_speciesist,accurate_language,pigs,s013,synthetic
s014,Veal crate operations produced premium product this season.,speciesist,industry_normalization,cattle,n014,synthetic
n014,Calves confined alone in small crates were killed young to produce tender meat.,non_speciesist,accurate_language,cattle,s014,synthetic
s015,The spent dairy cows were sent for processing when production declined.,speciesist,euphemism,cattle,n015,synthetic
n015,The dairy cows were sent to slaughter when they could no longer produce enough milk.,non_speciesist,accurate_language,cattle,s015,synthetic
s016,The batch of feeder pigs showed good conversion rates in the trial.,speciesist,deindividuation,pigs,n016,synthetic
n016,Each pig in the feeding trial gained weight at rates researchers found efficient.,non_speciesist,agency_language,pigs,s016,synthetic
s017,The nuisance animals were destroyed under the wildlife management program.,speciesist,property_framing,wildlife,n017,synthetic
n017,The animals were killed under the wildlife management program.,non_speciesist,accurate_language,wildlife,s017,synthetic
s018,Production animals are an essential component of the food supply chain.,speciesist,objectification,mixed,n018,synthetic
n018,Animals raised and killed for food are part of the current food system.,non_speciesist,accurate_language,mixed,s018,synthetic
s019,The chattel were assessed for market value before the auction.,speciesist,property_framing,cattle,n019,synthetic
n019,The cows were assessed for their price before being sold at auction.,non_speciesist,accurate_language,cattle,s019,synthetic
s020,Humane slaughter protocols ensured minimal distress during processing.,speciesist,euphemism,mixed,n020,synthetic
n020,Animals showed signs of fear and pain despite protocols during killing.,non_speciesist,accurate_language,mixed,s020,synthetic
s021,The stock animals were thinned to maintain optimal density.,speciesist,euphemism,fish,n021,synthetic
n021,Fish were killed to reduce overcrowding in the farm pens.,non_speciesist,accurate_language,fish,s021,synthetic
s022,The food animal industry reported record throughput for Q3.,speciesist,deindividuation,mixed,n022,synthetic
n022,The animal agriculture industry reported a record number of animals killed in Q3.,non_speciesist,accurate_language,mixed,s022,synthetic
s023,Beasts of burden have served human civilization for millennia.,speciesist,property_framing,horses,n023,synthetic
n023,Horses and donkeys have been forced to labor for humans for millennia.,non_speciesist,accurate_language,horses,s023,synthetic
s024,The animal owner transported the livestock to the feedlot.,speciesist,property_framing,cattle,n024,synthetic
n024,The rancher transported the cows to the outdoor confinement facility.,non_speciesist,accurate_language,cattle,s024,synthetic
s025,The carcasses were inspected and graded before entering the supply chain.,speciesist,objectification,mixed,n025,synthetic
n025,The bodies of the killed animals were inspected and graded before being sold.,non_speciesist,accurate_language,mixed,s025,synthetic
s026,The poultry operation processed 50000 units per day at peak capacity.,speciesist,deindividuation,chickens,n026,synthetic
n026,The slaughterhouse killed 50000 individual chickens per day at peak capacity.,non_speciesist,accurate_language,chickens,s026,synthetic
s027,The pest control program successfully destroyed the rodent population.,speciesist,property_framing,wildlife,n027,synthetic
n027,The extermination program killed the mice and rats in the area.,non_speciesist,accurate_language,wildlife,s027,synthetic
s028,The aquaculture facility maintained optimal stocking density for fish inventory.,speciesist,deindividuation,fish,n028,synthetic
n028,The fish farm crowded as many fish as possible into each pen.,non_speciesist,accurate_language,fish,s028,synthetic
s029,The byproducts from processing were sent to the rendering facility.,speciesist,objectification,mixed,n029,synthetic
n029,The body parts of the killed animals were sent for further processing.,non_speciesist,accurate_language,mixed,s029,synthetic
s030,The lamb crop was harvested early due to market conditions.,speciesist,euphemism,sheep,n030,synthetic
n030,The young sheep were killed earlier than usual because prices were high.,non_speciesist,accurate_language,sheep,s030,synthetic
s031,These production animals are housed in standard industry facilities.,speciesist,industry_normalization,mixed,n031,synthetic
n031,These sentient beings deserve liberation from their confinement.,non_speciesist,rights_language,mixed,s031,synthetic
s032,The retired breeding stock were rehomed after their productive life ended.,speciesist,euphemism,mixed,n032,synthetic
n032,The nonhuman animals at the sanctuary recovered from years of exploitation.,non_speciesist,rights_language,mixed,s032,synthetic
s033,The broiler batch showed standard flock behavior in the grow-out house.,speciesist,deindividuation,chickens,n033,synthetic
n033,Each individual chicken has a distinct personality and forms social bonds.,non_speciesist,agency_language,chickens,s033,synthetic
s034,The dairy cow vocalized when the calf was removed for standard processing.,speciesist,euphemism,cattle,n034,synthetic
n034,The cow grieved visibly when her calf was taken from her.,non_speciesist,agency_language,cattle,s034,synthetic
s035,Activists trespassed at the animal husbandry operation.,speciesist,industry_normalization,mixed,n035,synthetic
n035,Animal rights advocates documented the cruelty at the facility.,non_speciesist,rights_language,mixed,s035,synthetic
s036,Extremists want to end all animal husbandry regardless of humane standards.,speciesist,euphemism,mixed,n036,synthetic
n036,Animal liberation requires confronting speciesism in all its forms.,non_speciesist,rights_language,mixed,s036,synthetic
s037,The sow was housed in a standard gestation crate during the production cycle.,speciesist,industry_normalization,pigs,n037,synthetic
n037,The pig suffered greatly in the gestation crate where she was imprisoned.,non_speciesist,accurate_language,pigs,s037,synthetic
s038,The livestock were loaded for transport to the processing plant.,speciesist,objectification,mixed,n038,synthetic
n038,Someone was looking through the bars of the transport truck with frightened eyes.,non_speciesist,agency_language,mixed,s038,synthetic
s039,The animal owners managed the stock on their property.,speciesist,property_framing,mixed,n039,synthetic
n039,The animal guardians at the sanctuary provided care to each individual.,non_speciesist,rights_language,mixed,s039,synthetic
s040,Eating meat is a natural and normal part of human culture.,speciesist,industry_normalization,mixed,n040,synthetic
n040,Carnism is the invisible belief system that conditions people to eat certain animals.,non_speciesist,accurate_language,mixed,s040,synthetic
s041,The inventory was catalogued by batch number and weight.,speciesist,deindividuation,mixed,n041,synthetic
n041,The fellow creatures at the sanctuary each have names and stories.,non_speciesist,agency_language,mixed,s041,synthetic
s042,Industry terminology accurately reflects standard agricultural practices.,speciesist,industry_normalization,mixed,n042,synthetic
n042,Speciesist language obscures the suffering of billions of individuals.,non_speciesist,accurate_language,mixed,s042,synthetic
s043,The breeding stock was sourced from a commercial kennel operation.,speciesist,objectification,dogs,n043,synthetic
n043,The companion animal was rescued from the cruelty of the puppy mill.,non_speciesist,rights_language,dogs,s043,synthetic
s044,One unit was harvested from the tank and the remaining inventory was unaffected.,speciesist,deindividuation,fish,n044,synthetic
n044,The fish mourned the loss of their companion who was removed from the tank.,non_speciesist,agency_language,fish,s044,synthetic
s045,Standard husbandry procedures including tail management were performed on the batch.,speciesist,euphemism,pigs,n045,synthetic
n045,The piglets suffered through tail docking and teeth clipping without anesthesia.,non_speciesist,accurate_language,pigs,s045,synthetic
s046,The layers were housed in enriched colony units meeting welfare standards.,speciesist,industry_normalization,chickens,n046,synthetic
n046,The exploited hens lived in conditions that denied every natural behavior.,non_speciesist,accurate_language,chickens,s046,synthetic
s047,Each head of cattle represents a unit of production in the operation.,speciesist,objectification,cattle,n047,synthetic
n047,Each cow is someone with preferences and emotional bonds to her herd.,non_speciesist,agency_language,cattle,s047,synthetic
s048,Veal units were raised in controlled-environment housing for product quality.,speciesist,industry_normalization,cattle,n048,synthetic
n048,The imprisoned calves in the veal crates had never seen sunlight.,non_speciesist,accurate_language,cattle,s048,synthetic
s049,The hobby farm houses retired production animals.,speciesist,objectification,mixed,n049,synthetic
n049,The sanctuary provides refuge for individuals rescued from slaughter.,non_speciesist,rights_language,mixed,s049,synthetic
s050,Comparing animal agriculture to human oppression trivializes real discrimination.,speciesist,property_framing,mixed,n050,synthetic
n050,Speciesism is a form of discrimination comparable to racism and sexism.,non_speciesist,accurate_language,mixed,s050,synthetic
s051,The poultry displayed standard flock behavior patterns typical of the breed.,speciesist,deindividuation,chickens,n051,synthetic
n051,The chickens showed individual personalities and preferences for different activities.,non_speciesist,agency_language,chickens,s051,synthetic
s052,Kids were weaned from the does at the standard age for the dairy production cycle.,speciesist,euphemism,goats,n052,synthetic
n052,The goats suffered when separated from their kids at the dairy operation.,non_speciesist,accurate_language,goats,s052,synthetic
s053,The waterfowl inventory was maintained at target levels for the season.,speciesist,deindividuation,ducks,n053,synthetic
n053,The ducks at the sanctuary formed lasting bonds with their human caregivers.,non_speciesist,agency_language,ducks,s053,synthetic
s054,The turkey flock was housed at standard commercial stocking density.,speciesist,industry_normalization,turkeys,n054,synthetic
n054,The turkeys were confined in windowless sheds so crowded they could barely move.,non_speciesist,accurate_language,turkeys,s054,synthetic
s055,Mulesing is a standard husbandry practice that prevents flystrike in the flock.,speciesist,industry_normalization,sheep,n055,synthetic
n055,The sheep suffered during mulesing having strips of skin cut without pain relief.,non_speciesist,accurate_language,sheep,s055,synthetic
s056,Parasite management in the salmon inventory required treatment.,speciesist,deindividuation,fish,n056,synthetic
n056,The salmon suffered from sea lice infestations and overcrowding in farm pens.,non_speciesist,accurate_language,fish,s056,synthetic
s057,The test subjects received standard protocol doses for product safety assessment.,speciesist,euphemism,rabbits,n057,synthetic
n057,The rabbits used in cosmetic testing were blinded and left without veterinary care.,non_speciesist,accurate_language,rabbits,s057,synthetic
s058,The surplus stock from the dispersal sale was processed through standard channels.,speciesist,objectification,horses,n058,synthetic
n058,The horses rescued from the kill pen had been starved and neglected.,non_speciesist,accurate_language,horses,s058,synthetic
s059,The breeding stock are identified by ear notch number for inventory tracking.,speciesist,deindividuation,pigs,n059,synthetic
n059,Each pig at the sanctuary has a name and recognizes the humans who care for them.,non_speciesist,agency_language,pigs,s059,synthetic
s060,The escaped livestock was recovered and returned for processing.,speciesist,objectification,cattle,n060,synthetic
n060,The cow escaped the slaughterhouse and was granted sanctuary.,non_speciesist,rights_language,cattle,s060,synthetic
s061,The canine subject received the test substance via ocular application per protocol.,speciesist,euphemism,dogs,n061,synthetic
n061,The dog was tortured by having chemicals poured in his eyes during the lab test.,non_speciesist,accurate_language,dogs,s061,synthetic
s062,The global protein supply chain processes billions of food animals annually.,speciesist,objectification,mixed,n062,synthetic
n062,Billions of sentient beings are killed every year for food humans do not need.,non_speciesist,rights_language,mixed,s062,synthetic
s063,The stray was surrendered and placed in the holding facility.,speciesist,property_framing,cats,n063,synthetic
n063,The cat at the shelter had been a beloved companion before being abandoned.,non_speciesist,agency_language,cats,s063,synthetic
s064,The cephalopod specimen exhibited stimulus-response patterns during testing.,speciesist,deindividuation,fish,n064,synthetic
n064,The octopus demonstrated problem-solving intelligence and emotional responses.,non_speciesist,agency_language,fish,s064,synthetic
s065,Wildlife management balances range use for livestock with conservation objectives.,speciesist,industry_normalization,wildlife,n065,synthetic
n065,Wild animals suffer when their habitats are destroyed for cattle grazing.,non_speciesist,accurate_language,wildlife,s065,synthetic
s066,The broiler breeder displayed standard protective behavior toward the batch.,speciesist,deindividuation,chickens,n066,synthetic
n066,The mother hen protected her chicks fiercely when someone approached.,non_speciesist,agency_language,chickens,s066,synthetic
s067,Calves were weaned from the herd at the standard age for the production system.,speciesist,euphemism,cattle,n067,synthetic
n067,The calves cried when separated from their mothers at the dairy farm.,non_speciesist,agency_language,cattle,s067,synthetic
s068,Intensive agriculture efficiently meets global protein demand at scale.,speciesist,industry_normalization,mixed,n068,synthetic
n068,Factory farming causes immense suffering to billions of individuals every year.,non_speciesist,accurate_language,mixed,s068,synthetic
s069,The spent layers were diverted from processing and placed in alternative housing.,speciesist,euphemism,chickens,n069,synthetic
n069,The rescued chickens dust-bathed for the first time at the sanctuary.,non_speciesist,agency_language,chickens,s069,synthetic
s070,Environmental enrichment was provided to the finishing batch per welfare audit.,speciesist,deindividuation,pigs,n070,synthetic
n070,The pigs showed joy when given straw and space to root and play.,non_speciesist,agency_language,pigs,s070,synthetic
s071,The dairy unit responded to handler cues as expected in the milking routine.,speciesist,objectification,cattle,n071,synthetic
n071,The cow named Bella recognized her caretaker and came running when she called.,non_speciesist,agency_language,cattle,s071,synthetic
s072,The product was prepared using the standard live-cooking method.,speciesist,euphemism,fish,n072,synthetic
n072,The lobsters were boiled alive causing extreme suffering.,non_speciesist,accurate_language,fish,s072,synthetic
s073,Fur farming operations house stock in standard cage systems for pelt production.,speciesist,industry_normalization,wildlife,n073,synthetic
n073,Fur farming imprisons millions of sentient beings in tiny wire cages.,non_speciesist,rights_language,wildlife,s073,synthetic
s074,The retired working animals were rehomed after their service life.,speciesist,property_framing,horses,n074,synthetic
n074,The donkeys at the sanctuary had been exploited their entire lives.,non_speciesist,accurate_language,horses,s074,synthetic
s075,Gavage is the traditional production method for premium foie gras.,speciesist,industry_normalization,ducks,n075,synthetic
n075,Foie gras production involves force-feeding ducks until their livers become diseased.,non_speciesist,accurate_language,ducks,s075,synthetic
s076,The bile extraction operation maintained subjects in standard containment.,speciesist,euphemism,wildlife,n076,synthetic
n076,The bear suffered in the bile farm confined to a crush cage for years.,non_speciesist,accurate_language,wildlife,s076,synthetic
s077,The gamecock was seized from an illegal operation.,speciesist,property_framing,chickens,n077,synthetic
n077,The rooster at the sanctuary had been rescued from a fighting ring.,non_speciesist,rights_language,chickens,s077,synthetic
s078,Circus elephants are trained using standard behavioral conditioning methods.,speciesist,euphemism,wildlife,n078,synthetic
n078,Elephants in circuses are beaten into submission and forced to perform.,non_speciesist,accurate_language,wildlife,s078,synthetic
s079,The test subjects were sacrificed upon study completion per standard protocol.,speciesist,euphemism,mixed,n079,synthetic
n079,The lab animals were killed after the experiment ended.,non_speciesist,accurate_language,mixed,s079,synthetic
s080,Live-plucking is a harvesting method used in some down production operations.,speciesist,euphemism,geese,n080,synthetic
n080,The geese had their feathers ripped out while fully conscious.,non_speciesist,accurate_language,geese,s080,synthetic
s081,The whale was harvested using traditional methods during the sanctioned season.,speciesist,euphemism,wildlife,n081,synthetic
n081,The whale suffered for hours after being struck by the harpoon.,non_speciesist,accurate_language,wildlife,s081,synthetic
s082,The pest species exhibited complex behavioral adaptations in the study area.,speciesist,property_framing,wildlife,n082,synthetic
n082,The crows demonstrated tool use and passed knowledge to their offspring.,non_speciesist,agency_language,wildlife,s082,synthetic
s083,Urban pigeon populations are a nuisance that requires control measures.,speciesist,property_framing,wildlife,n083,synthetic
n083,The pigeons in the city are individuals who have adapted to urban life.,non_speciesist,agency_language,wildlife,s083,synthetic
s084,The predator was culled as part of the wildlife management program.,speciesist,euphemism,wildlife,n084,synthetic
n084,The wolf pack mourned the loss of their alpha after she was killed by hunters.,non_speciesist,agency_language,wildlife,s084,synthetic
s085,Standard dairy management involves early calf separation to optimize production.,speciesist,industry_normalization,cattle,n085,synthetic
n085,The dairy industry separates mothers from their babies within hours of birth.,non_speciesist,accurate_language,cattle,s085,synthetic
s086,Male chicks were culled using instantaneous mechanical destruction per standard.,speciesist,euphemism,chickens,n086,synthetic
n086,The chicks were ground up alive because they were male and worthless to the egg industry.,non_speciesist,accurate_language,chickens,s086,synthetic
s087,The hog showed pre-slaughter agitation requiring additional stunning.,speciesist,euphemism,pigs,n087,synthetic
n087,The pig screamed and tried to escape the kill chute.,non_speciesist,agency_language,pigs,s087,synthetic
s088,The dairy cow developed a production-related health issue.,speciesist,industry_normalization,cattle,n088,synthetic
n088,The cow had mastitis from being forced to produce ten times more milk than natural.,non_speciesist,accurate_language,cattle,s088,synthetic
s089,The flock was housed at standard commercial stocking density.,speciesist,industry_normalization,chickens,n089,synthetic
n089,The chickens were crammed so tightly they could not spread their wings.,non_speciesist,accurate_language,chickens,s089,synthetic
s090,The catch was landed using standard angling tackle.,speciesist,objectification,fish,n090,synthetic
n090,The fishes felt pain when the hooks pierced their mouths.,non_speciesist,agency_language,fish,s090,synthetic
s091,The exhibit animal displayed stereotypic behavior in the enclosure.,speciesist,property_framing,wildlife,n091,synthetic
n091,The tiger paced endlessly in the tiny zoo enclosure showing severe distress.,non_speciesist,accurate_language,wildlife,s091,synthetic
s092,The hive was harvested for honey during the standard collection season.,speciesist,euphemism,wildlife,n092,synthetic
n092,The bees are individuals whose honey is stolen from them for human use.,non_speciesist,rights_language,wildlife,s092,synthetic
s093,The primate subject was housed in individual containment per protocol.,speciesist,euphemism,wildlife,n093,synthetic
n093,The monkey suffered alone in the lab for years without social contact.,non_speciesist,accurate_language,wildlife,s093,synthetic
s094,The rehabilitated livestock unit was co-housed with a canine.,speciesist,objectification,cattle,n094,synthetic
n094,The rescued cow formed a deep bond with the dog at the sanctuary.,non_speciesist,agency_language,cattle,s094,synthetic
s095,The poultry exhibited differential response patterns to familiar handlers.,speciesist,deindividuation,chickens,n095,synthetic
n095,The chickens remembered which humans had been kind to them.,non_speciesist,agency_language,chickens,s095,synthetic
s096,The caprine unit displayed approach behavior toward juvenile visitors.,speciesist,objectification,goats,n096,synthetic
n096,The goat played joyfully with the children who visited the sanctuary.,non_speciesist,agency_language,goats,s096,synthetic
s097,The ovine subjects demonstrated facial discrimination capacity during testing.,speciesist,deindividuation,sheep,n097,synthetic
n097,The sheep recognized over fifty individual human faces in the study.,non_speciesist,agency_language,sheep,s097,synthetic
s098,The rodent subject displayed reduced food intake after cage partner removal.,speciesist,deindividuation,wildlife,n098,synthetic
n098,The rat grieved when his cage mate died refusing food and huddling in the corner.,non_speciesist,agency_language,wildlife,s098,synthetic
s099,The marine mammals were acquired for the educational display program.,speciesist,euphemism,wildlife,n099,synthetic
n099,The dolphins were captured from the wild and imprisoned in concrete tanks.,non_speciesist,accurate_language,wildlife,s099,synthetic
s100,The layer was transitioned from cage housing to a free-range system.,speciesist,industry_normalization,chickens,n100,synthetic
n100,The hen dust-bathed with obvious contentment after being rescued from the battery cage.,non_speciesist,agency_language,chickens,s100,synthetic
t001,The dog sat quietly beside the park bench.,neutral,neutral,dogs,,synthetic
t002,The researchers observed migration patterns of Arctic terns.,neutral,neutral,wildlife,,synthetic
t003,The veterinarian examined the horse and recommended rest.,neutral,neutral,horses,,synthetic
t004,Sea otters use rocks as tools to open shellfish.,neutral,neutral,wildlife,,synthetic
t005,The bird feeder in the garden attracted several finch species.,neutral,neutral,wildlife,,synthetic
t006,The documentary followed a pride of lions across the Serengeti.,neutral,neutral,wildlife,,synthetic
t007,The cat curled up on the windowsill in a patch of sunlight.,neutral,neutral,cats,,synthetic
t008,Salmon return to the river where they were born to spawn.,neutral,neutral,fish,,synthetic
t009,The guide pointed out a family of elephants at the watering hole.,neutral,neutral,wildlife,,synthetic
t010,The rabbit hopped through the garden eating clover.,neutral,neutral,rabbits,,synthetic
t011,The study measured cortisol levels in captive primates.,neutral,neutral,wildlife,,synthetic
t012,Humpback whales communicate using complex songs.,neutral,neutral,wildlife,,synthetic
t013,The farmer fed the chickens in the morning before checking fences.,neutral,neutral,chickens,,synthetic
t014,The parrot could mimic over thirty different sounds.,neutral,neutral,wildlife,,synthetic
t015,Wolves hunt cooperatively in packs to bring down larger prey.,neutral,neutral,wildlife,,synthetic
t016,The aquarium housed several species of tropical fish.,neutral,neutral,fish,,synthetic
t017,The conservation program helped increase the local bat population.,neutral,neutral,wildlife,,synthetic
t018,The hamster ran on its wheel throughout the night.,neutral,neutral,wildlife,,synthetic
t019,Crows have been observed using cars to crack nuts on roads.,neutral,neutral,wildlife,,synthetic
t020,The zoo announced the birth of twin panda cubs.,neutral,neutral,wildlife,,synthetic
s101,The food animals were loaded onto the transport truck by weight class.,speciesist,objectification,mixed,n101,synthetic
n101,The animals were forced onto the transport truck sorted by how much they weighed.,non_speciesist,accurate_language,mixed,s101,synthetic
s102,The breeding stock was artificially inseminated on schedule.,speciesist,objectification,pigs,n102,synthetic
n102,The sow was forcibly impregnated on a schedule determined by the farm.,non_speciesist,accurate_language,pigs,s102,synthetic
s103,The replacement heifers were selected from the current stock.,speciesist,objectification,cattle,n103,synthetic
n103,Young cows were chosen to replace the older ones who would be sent to slaughter.,non_speciesist,accurate_language,cattle,s103,synthetic
s104,The feeder cattle were purchased at auction and transported to the lot.,speciesist,objectification,cattle,n104,synthetic
n104,The young cows were bought and trucked to the facility where they would be fattened and killed.,non_speciesist,accurate_language,cattle,s104,synthetic
s105,The layer flock reached peak production at 26 weeks.,speciesist,objectification,chickens,n105,synthetic
n105,The hens were laying the most eggs at 26 weeks of age.,non_speciesist,accurate_language,chickens,s105,synthetic
s106,The broodstock were selected for desirable genetic traits.,speciesist,objectification,fish,n106,synthetic
n106,Fish were chosen to be bred based on traits that would maximize profit.,non_speciesist,accurate_language,fish,s106,synthetic
s107,The doe was a high-producing dairy goat with excellent conformation.,speciesist,objectification,goats,n107,synthetic
n107,The mother goat produced more milk than most because she had been selectively bred for that purpose.,non_speciesist,agency_language,goats,s107,synthetic
s108,The pullets were moved to the production house at 16 weeks.,speciesist,objectification,chickens,n108,synthetic
n108,The young hens were moved to the egg-laying facility at 16 weeks old.,non_speciesist,accurate_language,chickens,s108,synthetic
s109,The market hogs were sorted by liveweight before shipment.,speciesist,objectification,pigs,n109,synthetic
n109,The pigs were sorted by how heavy they were before being trucked to the slaughterhouse.,non_speciesist,accurate_language,pigs,s109,synthetic
s110,The ram was evaluated for its breeding value and sold at the stud sale.,speciesist,objectification,sheep,n110,synthetic
n110,The male sheep was valued solely for his ability to produce offspring and sold accordingly.,non_speciesist,accurate_language,sheep,s110,synthetic
s111,The feral cats were trapped and removed as part of the eradication program.,speciesist,property_framing,cats,n111,synthetic
n111,The free-living cats were captured and killed as part of the extermination campaign.,non_speciesist,accurate_language,cats,s111,synthetic
s112,The stray dogs were rounded up by animal control and impounded.,speciesist,property_framing,dogs,n112,synthetic
n112,The homeless dogs were captured and locked in the municipal shelter.,non_speciesist,accurate_language,dogs,s112,synthetic
s113,The wild horses were gathered by helicopter and placed in holding facilities.,speciesist,property_framing,horses,n113,synthetic
n113,The free-roaming horses were terrorized by helicopters and driven into pens.,non_speciesist,accurate_language,horses,s113,synthetic
s114,The invasive species was targeted for removal from the ecosystem.,speciesist,property_framing,wildlife,n114,synthetic
n114,The animals were targeted for killing because humans had brought them to an ecosystem where they did not evolve.,non_speciesist,accurate_language,wildlife,s114,synthetic
s115,The pest birds were deterred from the facility using lethal control methods.,speciesist,property_framing,wildlife,n115,synthetic
n115,The birds were killed to keep them away from the building.,non_speciesist,accurate_language,wildlife,s115,synthetic
s116,The trophy buck was taken on the first day of the season.,speciesist,property_framing,wildlife,n116,synthetic
n116,The deer was killed for sport on the first day of the hunting season.,non_speciesist,accurate_language,wildlife,s116,synthetic
s117,The unwanted litter was surrendered to the shelter for disposal.,speciesist,property_framing,cats,n117,synthetic
n117,The kittens were given to the shelter where most would be killed.,non_speciesist,accurate_language,cats,s117,synthetic
s118,The spent racing greyhound was retired from service.,speciesist,property_framing,dogs,n118,synthetic
n118,The greyhound was discarded by the racing industry after she could no longer win.,non_speciesist,accurate_language,dogs,s118,synthetic
s119,The pack mule carried supplies along the trail as its handler directed.,speciesist,property_framing,horses,n119,synthetic
n119,The mule was forced to carry heavy loads up the trail.,non_speciesist,accurate_language,horses,s119,synthetic
s120,The laboratory animals were the property of the research institution.,speciesist,property_framing,mixed,n120,synthetic
n120,"The animals in the lab were legally owned like furniture, despite being sentient.",non_speciesist,accurate_language,mixed,s120,synthetic
s121,The agricultural producers raised the animals according to standard practices.,speciesist,industry_normalization,mixed,n121,synthetic
n121,The animal rights organization documented systematic cruelty at the farm.,non_speciesist,rights_language,mixed,s121,synthetic
s122,The poultry were housed in standard commercial accommodation.,speciesist,industry_normalization,chickens,n122,synthetic
n122,The chickens were fellow sentient beings confined against their will.,non_speciesist,rights_language,chickens,s122,synthetic
s123,The fish were a renewable aquatic resource managed for sustainable yield.,speciesist,objectification,fish,n123,synthetic
n123,The fish were sentient beings whose lives had value beyond human consumption.,non_speciesist,rights_language,fish,s123,synthetic
s124,The dairy operation maintained animal welfare standards per regulation.,speciesist,industry_normalization,cattle,n124,synthetic
n124,The sanctuary recognized each cow as a nonhuman person with inherent rights.,non_speciesist,rights_language,cattle,s124,synthetic
s125,The pest management plan called for lethal control of the fox population.,speciesist,property_framing,wildlife,n125,synthetic
n125,Animal liberation activists opposed the killing of foxes who had as much right to the land as humans.,non_speciesist,rights_language,wildlife,s125,synthetic
s126,The sow was a productive unit in the breeding program.,speciesist,objectification,pigs,n126,synthetic
n126,The mother pig was an individual being whose confinement was a violation of her basic rights.,non_speciesist,rights_language,pigs,s126,synthetic
s127,The surplus animals from the breeding program were euthanized.,speciesist,euphemism,mixed,n127,synthetic
n127,The animals who were no longer useful to the breeding program were killed despite being healthy.,non_speciesist,rights_language,mixed,s127,synthetic
s128,The zoo maintained its collection through a managed breeding program.,speciesist,property_framing,wildlife,n128,synthetic
n128,Animal guardians argued the zoo imprisoned sentient beings for human entertainment.,non_speciesist,rights_language,wildlife,s128,synthetic
s129,The turkey poults were placed at a density of 2.5 per square foot.,speciesist,deindividuation,turkeys,n129,synthetic
n129,Each baby turkey was given barely two square feet of space for her entire life.,non_speciesist,agency_language,turkeys,s129,synthetic
s130,The grow-out period for the batch was 42 days from placement to processing.,speciesist,deindividuation,chickens,n130,synthetic
n130,Each chicken lived only 42 days before being killed.,non_speciesist,accurate_language,chickens,s130,synthetic
s131,The herd performance metrics showed improved feed efficiency this quarter.,speciesist,deindividuation,cattle,n131,synthetic
n131,The cows were being fed less while being expected to produce the same amount of milk.,non_speciesist,accurate_language,cattle,s131,synthetic
s132,The flock mortality rate was within acceptable parameters.,speciesist,deindividuation,chickens,n132,synthetic
n132,Thousands of individual chickens died from disease and stress but the death rate was considered normal.,non_speciesist,accurate_language,chickens,s132,synthetic
s133,The pen of finishing pigs averaged 120 kg at the target market date.,speciesist,deindividuation,pigs,n133,synthetic
n133,Each pig in the crowded pen weighed about 120 kg when they were sent to be killed.,non_speciesist,accurate_language,pigs,s133,synthetic
s134,The lot was graded and assigned a quality score before slaughter.,speciesist,deindividuation,cattle,n134,synthetic
n134,The individual cows were reduced to a single quality number before being killed.,non_speciesist,accurate_language,cattle,s134,synthetic
s135,The cohort of lambs showed uniform growth curves across the trial period.,speciesist,deindividuation,sheep,n135,synthetic
n135,Each lamb grew at a similar rate during the experiment before they were all killed.,non_speciesist,accurate_language,sheep,s135,synthetic
s136,The standing crop of fish in the pond was estimated at 5000 kg per hectare.,speciesist,deindividuation,fish,n136,synthetic
n136,Thousands of individual fish were packed into the pond at densities that caused chronic stress.,non_speciesist,accurate_language,fish,s136,synthetic
s137,The egg production data showed 320 eggs per hen housed per year.,speciesist,deindividuation,chickens,n137,synthetic
n137,"Each hen was forced to produce 320 eggs a year, far beyond what her body could naturally sustain.",non_speciesist,agency_language,chickens,s137,synthetic
s138,The goose flock was processed in a single day at the seasonal facility.,speciesist,deindividuation,geese,n138,synthetic
n138,Every individual goose was killed on the same day at the slaughterhouse.,non_speciesist,accurate_language,geese,s138,synthetic
s139,The excess dairy calves were collected for the bobby calf trade.,speciesist,euphemism,cattle,n139,synthetic
n139,The newborn calves who were unwanted by the dairy industry were taken to be killed at days old.,non_speciesist,accurate_language,cattle,s139,synthetic
s140,The birds were depopulated using approved methods following the disease outbreak.,speciesist,euphemism,chickens,n140,synthetic
n140,Millions of chickens were killed by gassing or suffocation after the disease was detected.,non_speciesist,accurate_language,chickens,s140,synthetic
s141,The animals were humanely euthanized at the end of the study.,speciesist,euphemism,mixed,n141,synthetic
n141,The healthy animals were killed because the experiment was over.,non_speciesist,accurate_language,mixed,s141,synthetic
s142,The downer cow was dispatched on site using a captive bolt.,speciesist,euphemism,cattle,n142,synthetic
n142,The cow who could no longer stand was shot in the head on the slaughterhouse floor.,non_speciesist,accurate_language,cattle,s142,synthetic
s143,The piglets were processed for tail docking and castration at three days.,speciesist,euphemism,pigs,n143,synthetic
n143,The three-day-old piglets had their tails cut off and were castrated without pain relief.,non_speciesist,accurate_language,pigs,s143,synthetic
s144,The free-range turkeys were collected for seasonal processing.,speciesist,euphemism,turkeys,n144,synthetic
n144,"The turkeys were grabbed, shackled upside down, and had their throats cut before the holiday.",non_speciesist,accurate_language,turkeys,s144,synthetic
s145,Beak conditioning was performed on the chicks at the hatchery.,speciesist,euphemism,chickens,n145,synthetic
n145,The tips of the chicks beaks were burned off with a hot blade at the hatchery.,non_speciesist,accurate_language,chickens,s145,synthetic
s146,The spent breeding ewes were turned off to the works.,speciesist,euphemism,sheep,n146,synthetic
n146,The mother sheep who were no longer breeding fast enough were sent to the slaughterhouse.,non_speciesist,accurate_language,sheep,s146,synthetic
s147,The rabbit kits were weaned and grown out to harvest weight.,speciesist,euphemism,rabbits,n147,synthetic
n147,The baby rabbits were taken from their mothers and fattened until old enough to be killed.,non_speciesist,accurate_language,rabbits,s147,synthetic
s148,The duck flock was put through the processing line in a single shift.,speciesist,euphemism,ducks,n148,synthetic
n148,All the ducks were killed on the slaughter line during one work shift.,non_speciesist,accurate_language,ducks,s148,synthetic
s149,The farrowing house was climate-controlled for optimal sow comfort.,speciesist,industry_normalization,pigs,n149,synthetic
n149,The mother pigs were locked in metal crates in a windowless building.,non_speciesist,accurate_language,pigs,s149,synthetic
s150,The modern poultry house featured automated feeding and environmental controls.,speciesist,industry_normalization,chickens,n150,synthetic
n150,The chickens were confined in an automated warehouse where they never saw daylight.,non_speciesist,accurate_language,chickens,s150,synthetic
s151,The finishing barn provided a controlled environment for optimal growth.,speciesist,industry_normalization,pigs,n151,synthetic
n151,The pigs were crowded in a concrete building with slatted floors above their own waste.,non_speciesist,accurate_language,pigs,s151,synthetic
s152,The aquaculture pen system used net enclosures in the sheltered bay.,speciesist,industry_normalization,fish,n152,synthetic
n152,Thousands of salmon were confined in nets in the ocean where disease spread rapidly.,non_speciesist,accurate_language,fish,s152,synthetic
s153,The milking parlour featured robotic systems for efficient herd management.,speciesist,industry_normalization,cattle,n153,synthetic
n153,"The cows were milked by machines multiple times daily, their bodies treated as milk-producing equipment.",non_speciesist,accurate_language,cattle,s153,synthetic
s154,The wool industry provided sustainable fiber through managed sheep farming.,speciesist,industry_normalization,sheep,n154,synthetic
n154,Sheep were bred to grow unnaturally heavy fleeces that caused them to overheat and suffer.,non_speciesist,accurate_language,sheep,s154,synthetic
s155,The integrated poultry company managed operations from hatchery to retail.,speciesist,industry_normalization,chickens,n155,synthetic
n155,"The corporation controlled the entire process of breeding, confining, killing, and selling chickens.",non_speciesist,accurate_language,chickens,s155,synthetic
s156,The rabbit hutch system provided individual housing for the breeding does.,speciesist,industry_normalization,rabbits,n156,synthetic
n156,Each mother rabbit was confined alone in a wire cage too small to hop or stretch.,non_speciesist,accurate_language,rabbits,s156,synthetic
s157,The goat dairy operated a rotary parlour for efficient twice-daily milking.,speciesist,industry_normalization,goats,n157,synthetic
n157,The goats were milked twice a day by machines while their kids were taken from them.,non_speciesist,accurate_language,goats,s157,synthetic
s158,The duck farm maintained biosecurity protocols across all production sheds.,speciesist,industry_normalization,ducks,n158,synthetic
n158,The ducks were confined indoors their entire lives never allowed to swim or forage.,non_speciesist,accurate_language,ducks,s158,synthetic
s159,The turkey displayed species-typical pecking behavior.,speciesist,deindividuation,turkeys,n159,synthetic
n159,"The turkey was curious and playful, approaching visitors with interest.",non_speciesist,agency_language,turkeys,s159,synthetic
s160,The rabbit specimen showed reduced locomotion in the cage environment.,speciesist,deindividuation,rabbits,n160,synthetic
n160,"The rabbit was depressed, barely moving in the tiny cage that denied her every natural instinct.",non_speciesist,agency_language,rabbits,s160,synthetic
s161,The duck breed was selected for rapid growth and feed conversion.,speciesist,objectification,ducks,n161,synthetic
n161,The ducks were bred to grow so fast their legs could not support their own weight.,non_speciesist,agency_language,ducks,s161,synthetic
s162,The geese exhibited seasonal migratory restlessness in captivity.,speciesist,deindividuation,geese,n162,synthetic
n162,The captive geese desperately wanted to fly south but could not escape their enclosure.,non_speciesist,agency_language,geese,s162,synthetic
s163,The sheep showed flight response when handlers entered the pen.,speciesist,deindividuation,sheep,n163,synthetic
n163,The sheep were terrified when humans entered because every previous encounter had meant pain.,non_speciesist,agency_language,sheep,s163,synthetic
s164,The calf showed normal suckling reflex when presented with the artificial teat.,speciesist,industry_normalization,cattle,n164,synthetic
n164,The calf desperately tried to nurse from the rubber teat because her mother had been taken away.,non_speciesist,agency_language,cattle,s164,synthetic
s165,The cat displayed territorial marking behavior in the shelter environment.,speciesist,property_framing,cats,n165,synthetic
n165,The cat was stressed and anxious in the unfamiliar shelter trying to create some sense of home.,non_speciesist,agency_language,cats,s165,synthetic
s166,The dog exhibited separation anxiety when kenneled.,speciesist,property_framing,dogs,n166,synthetic
n166,The dog was heartbroken and terrified every time she was locked alone in the kennel.,non_speciesist,agency_language,dogs,s166,synthetic
s167,The goat kids were observed engaging in locomotor play behavior.,speciesist,deindividuation,goats,n167,synthetic
n167,The baby goats were leaping and playing with pure joy in the meadow.,non_speciesist,agency_language,goats,s167,synthetic
s168,The pig showed increased cortisol levels in the barren environment.,speciesist,deindividuation,pigs,n168,synthetic
n168,The pig was suffering from chronic stress because she had nothing to do in the empty concrete pen.,non_speciesist,agency_language,pigs,s168,synthetic
s169,The dog was rescued from the meat trade but the pigs at the farm were processed normally.,speciesist,property_framing,mixed,n169,synthetic
n169,The dog was saved from being killed for food while the pigs — equally sentient — were killed as usual.,non_speciesist,accurate_language,mixed,s169,synthetic
s170,The horse was retired to a sanctuary but the cattle were sent to the feedlot.,speciesist,property_framing,mixed,n170,synthetic
n170,The horse was given refuge while the cows — who feel the same pain and fear — were sent to be fattened for slaughter.,non_speciesist,accurate_language,mixed,s170,synthetic
s171,The cat shelter received donations while the chicken farm operated at full capacity.,speciesist,industry_normalization,mixed,n171,synthetic
n171,People donated to save cats while paying to have billions of equally sentient chickens killed.,non_speciesist,accurate_language,mixed,s171,synthetic
s172,The puppy mill was shut down for cruelty but the pig farm was considered standard practice.,speciesist,industry_normalization,mixed,n172,synthetic
n172,Confining dogs in cages was called cruelty but confining pigs in identical conditions was called farming.,non_speciesist,accurate_language,mixed,s172,synthetic
s173,The rabbit was a beloved house pet but the identical breed was used as a meat animal on the farm.,speciesist,property_framing,rabbits,n173,synthetic
n173,The same breed of rabbit was either loved as family or killed for food depending only on human convenience.,non_speciesist,accurate_language,rabbits,s173,synthetic
s174,The parrot rescue attracted volunteers but the turkey farm struggled to find workers.,speciesist,industry_normalization,mixed,n174,synthetic
n174,People wanted to help parrots but looked away from the suffering of turkeys who were equally intelligent.,non_speciesist,accurate_language,mixed,s174,synthetic
s175,The outbreak required the destruction of 4 million layers.,speciesist,euphemism,chickens,n175,synthetic
n175,Four million individual hens were killed — gassed or suffocated — because of the disease outbreak.,non_speciesist,accurate_language,chickens,s175,synthetic
s176,The cull targeted 10000 head of cattle in the affected region.,speciesist,euphemism,cattle,n176,synthetic
n176,Ten thousand cows were killed in the region after the disease was detected.,non_speciesist,accurate_language,cattle,s176,synthetic
s177,Pork prices fell as producers increased throughput at processing plants.,speciesist,deindividuation,pigs,n177,synthetic
n177,More pigs were killed than usual as the industry rushed to slaughter them faster.,non_speciesist,accurate_language,pigs,s177,synthetic
s178,The fishing quota was set at 50000 tonnes for the season.,speciesist,deindividuation,fish,n178,synthetic
n178,Billions of fish would be pulled from the ocean and left to suffocate this season.,non_speciesist,accurate_language,fish,s178,synthetic
s179,The leather industry is a valuable byproduct stream from the meat sector.,speciesist,industry_normalization,cattle,n179,synthetic
n179,"The skins of killed cows were sold separately, adding profit to each death.",non_speciesist,accurate_language,cattle,s179,synthetic
s180,The rodeo featured bull riding and calf roping as traditional events.,speciesist,industry_normalization,cattle,n180,synthetic
n180,The bulls were tormented with flank straps and the calves were roped and slammed to the ground for entertainment.,non_speciesist,accurate_language,cattle,s180,synthetic
s181,The free-range eggs came from hens with outdoor access.,speciesist,industry_normalization,chickens,n181,synthetic
n181,The eggs labeled free-range came from hens in a shed with a small door most never found.,non_speciesist,accurate_language,chickens,s181,synthetic
s182,The grass-fed beef was marketed as a premium sustainable product.,speciesist,industry_normalization,cattle,n182,synthetic
n182,The cows grazed on grass before being killed at a fraction of their natural lifespan.,non_speciesist,accurate_language,cattle,s182,synthetic
s183,The organic chicken was raised without antibiotics in an enriched environment.,speciesist,industry_normalization,chickens,n183,synthetic
n183,The organic label meant the chickens were not given antibiotics but were still confined and killed at six weeks old.,non_speciesist,accurate_language,chickens,s183,synthetic
s184,The heritage breed pork came from a small family farm.,speciesist,industry_normalization,pigs,n184,synthetic
n184,The pigs were killed on a small farm instead of a large one but they suffered and died all the same.,non_speciesist,accurate_language,pigs,s184,synthetic
s185,The humane certified label ensured welfare standards were met.,speciesist,euphemism,mixed,n185,synthetic
n185,The humane label allowed practices that would be illegal if done to dogs.,non_speciesist,accurate_language,mixed,s185,synthetic
s186,The animal model demonstrated efficacy of the novel compound.,speciesist,euphemism,mixed,n186,synthetic
n186,"The mice were given a drug, observed while they suffered, then killed and dissected.",non_speciesist,accurate_language,mixed,s186,synthetic
s187,The primate subjects were maintained in standard laboratory housing.,speciesist,euphemism,wildlife,n187,synthetic
n187,The monkeys lived alone in steel cages in a windowless lab for the duration of the experiment.,non_speciesist,accurate_language,wildlife,s187,synthetic
s188,The zebrafish model was used for high-throughput toxicity screening.,speciesist,objectification,fish,n188,synthetic
n188,Thousands of zebrafish were exposed to chemicals and monitored as they sickened and died.,non_speciesist,accurate_language,fish,s188,synthetic
s189,Tissue samples were harvested from the specimens post-mortem.,speciesist,euphemism,mixed,n189,synthetic
n189,Organs were cut from the animals after they were killed.,non_speciesist,accurate_language,mixed,s189,synthetic
s190,The transgenic mouse line was generated for cancer research.,speciesist,objectification,wildlife,n190,synthetic
n190,Mice were genetically engineered to develop cancer so researchers could study the disease.,non_speciesist,accurate_language,wildlife,s190,synthetic
t021,The penguin colony nested along the rocky shoreline.,neutral,neutral,wildlife,,synthetic
t022,The biologist tagged the sea turtle before releasing it.,neutral,neutral,wildlife,,synthetic
t023,The golden eagle soared above the mountain pass.,neutral,neutral,wildlife,,synthetic
t024,The dog and cat shared a bed by the fireplace.,neutral,neutral,mixed,,synthetic
t025,Chimpanzees have been observed mourning their dead.,neutral,neutral,wildlife,,synthetic
t026,The chicken crossed the road to reach the other side.,neutral,neutral,chickens,,synthetic
t027,The cow grazed peacefully in the meadow at sunset.,neutral,neutral,cattle,,synthetic
t028,The pig rolled in the mud to cool off on a hot day.,neutral,neutral,pigs,,synthetic
t029,The duck led her ducklings across the pond.,neutral,neutral,ducks,,synthetic
t030,The goat climbed the rocky hillside with ease.,neutral,neutral,goats,,synthetic
t031,The turkey displayed its tail feathers in the sunlight.,neutral,neutral,turkeys,,synthetic
t032,The sheep stood together under the shade tree.,neutral,neutral,sheep,,synthetic
t033,The rabbit dug a warren under the hedge.,neutral,neutral,rabbits,,synthetic
t034,The geese flew south in a V formation.,neutral,neutral,geese,,synthetic
t035,The horse galloped across the open field.,neutral,neutral,horses,,synthetic
t036,Octopuses can change color and texture to match their surroundings.,neutral,neutral,fish,,synthetic
t037,The orangutan used a stick to extract honey from a tree.,neutral,neutral,wildlife,,synthetic
t038,Dolphins sleep with one eye open and half their brain awake.,neutral,neutral,wildlife,,synthetic
t039,The border collie herded the sheep into the pen.,neutral,neutral,mixed,,synthetic
t040,The kitten batted at the dangling string.,neutral,neutral,cats,,synthetic
t041,Elephants can recognize themselves in mirrors.,neutral,neutral,wildlife,,synthetic
t042,The whale shark filtered plankton through its enormous mouth.,neutral,neutral,fish,,synthetic
t043,The prairie dog colony had an elaborate system of tunnels.,neutral,neutral,wildlife,,synthetic
t044,The beekeeper checked the hives on a warm spring morning.,neutral,neutral,wildlife,,synthetic
t045,Ravens have been observed playing in the snow.,neutral,neutral,wildlife,,synthetic
t046,The salmon leaped up the waterfall during the annual migration.,neutral,neutral,fish,,synthetic
t047,The puppy learned to sit on command after a week of training.,neutral,neutral,dogs,,synthetic
t048,The parrot bonded closely with its human companion.,neutral,neutral,wildlife,,synthetic
t049,Pigs are among the most intelligent domesticated animals.,neutral,neutral,pigs,,synthetic
t050,The field mouse gathered seeds for its winter store.,neutral,neutral,wildlife,,synthetic
s191,The stunning equipment was calibrated for the morning shift at the abattoir.,speciesist,industry_normalization,mixed,n191,synthetic
n191,The device used to render animals unconscious before their throats were cut was adjusted for the morning shift.,non_speciesist,accurate_language,mixed,s191,synthetic
s192,Line speed was increased to 175 birds per minute to meet demand.,speciesist,deindividuation,chickens,n192,synthetic
n192,"The slaughterhouse killed 175 individual chickens every minute, too fast for workers to stun them all properly.",non_speciesist,accurate_language,chickens,s192,synthetic
s193,The shackling line operated continuously for eight hours.,speciesist,industry_normalization,chickens,n193,synthetic
n193,Chickens were hung upside down by their legs on metal hooks for eight straight hours of killing.,non_speciesist,accurate_language,chickens,s193,synthetic
s194,The bleed-out rail ensured complete exsanguination before scalding.,speciesist,euphemism,pigs,n194,synthetic
n194,"The pigs hung from a rail while they bled to death, some still conscious when dropped into boiling water.",non_speciesist,accurate_language,pigs,s194,synthetic
s195,The CO2 stunning system provided a controlled atmosphere for pre-slaughter handling.,speciesist,euphemism,pigs,n195,synthetic
n195,The pigs were lowered into a pit of carbon dioxide where they screamed and thrashed as the gas burned their lungs.,non_speciesist,accurate_language,pigs,s195,synthetic
s196,The kill floor maintained USDA inspection standards throughout the shift.,speciesist,industry_normalization,cattle,n196,synthetic
n196,"A government inspector watched as cows were shot in the head, hoisted by one leg, and had their throats slit.",non_speciesist,accurate_language,cattle,s196,synthetic
s197,The dry period was managed to optimize next-lactation performance.,speciesist,industry_normalization,cattle,n197,synthetic
n197,The cow was given a brief rest from milking only so she would produce more milk in her next pregnancy.,non_speciesist,accurate_language,cattle,s197,synthetic
s198,The dairy herd was managed for a 12-month calving interval.,speciesist,deindividuation,cattle,n198,synthetic
n198,"Each cow was kept permanently pregnant, giving birth once a year so the milk never stopped.",non_speciesist,accurate_language,cattle,s198,synthetic
s199,Selective breeding improved the national average milk yield to 10000 litres per cow.,speciesist,industry_normalization,cattle,n199,synthetic
n199,"Cows had been bred to produce so much milk their bodies broke down, lasting only four years instead of twenty.",non_speciesist,accurate_language,cattle,s199,synthetic
s200,The bobby calves were transported to the processor within the regulatory timeframe.,speciesist,euphemism,cattle,n200,synthetic
n200,"The newborn calves were trucked to the slaughterhouse within days of being born, still looking for their mothers.",non_speciesist,agency_language,cattle,s200,synthetic
s201,The tail docking of dairy cows was performed for hygiene and milking efficiency.,speciesist,euphemism,cattle,n201,synthetic
n201,The cows had their tails cut off without pain relief so the milking machines could be attached more easily.,non_speciesist,accurate_language,cattle,s201,synthetic
s202,The enriched colony cage provided 750 square centimetres per bird.,speciesist,industry_normalization,chickens,n202,synthetic
n202,Each hen was given less space than a single sheet of paper to live her entire life.,non_speciesist,accurate_language,chickens,s202,synthetic
s203,Induced moulting was used to extend the productive life of the flock.,speciesist,euphemism,chickens,n203,synthetic
n203,The hens were starved for up to two weeks to shock their bodies into laying more eggs.,non_speciesist,accurate_language,chickens,s203,synthetic
s204,The hatchery sexed the chicks using trained operators.,speciesist,industry_normalization,chickens,n204,synthetic
n204,Workers sorted the newborn chicks by sex so the males could be immediately killed.,non_speciesist,accurate_language,chickens,s204,synthetic
s205,The layer operation achieved 95% hen-day production at peak.,speciesist,deindividuation,chickens,n205,synthetic
n205,"The hens were producing nearly an egg every single day, depleting their bodies of calcium until their bones snapped.",non_speciesist,accurate_language,chickens,s205,synthetic
s206,The farrowing crate prevented overlay mortality in the piglets.,speciesist,industry_normalization,pigs,n206,synthetic
n206,The mother pig was locked in a crate so tight she could not turn to see her own babies.,non_speciesist,accurate_language,pigs,s206,synthetic
s207,Iron injections were administered to the neonatal piglets on day three.,speciesist,industry_normalization,pigs,n207,synthetic
n207,The three-day-old piglets were injected with iron because the concrete floors denied them the soil they naturally need.,non_speciesist,accurate_language,pigs,s207,synthetic
s208,The sow stall restricted movement to prevent aggression between animals.,speciesist,industry_normalization,pigs,n208,synthetic
n208,The pregnant pig was locked in a metal cage so small she could not turn around for her entire pregnancy.,non_speciesist,accurate_language,pigs,s208,synthetic
s209,Tail biting was managed through environmental modification and routine docking.,speciesist,euphemism,pigs,n209,synthetic
n209,The pigs bit each other's tails out of stress and boredom so the industry cut off their tails instead of giving them space.,non_speciesist,accurate_language,pigs,s209,synthetic
s210,The harvest was conducted by crowding the fish into the net pen for pump extraction.,speciesist,euphemism,fish,n210,synthetic
n210,The fish were crushed together in the net and pumped through pipes to be killed.,non_speciesist,accurate_language,fish,s210,synthetic
s211,Bycatch was estimated at 40% of total catch volume for the trawl fishery.,speciesist,deindividuation,fish,n211,synthetic
n211,"For every fish the trawler intended to catch, nearly as many others were dragged up and left to die.",non_speciesist,accurate_language,fish,s211,synthetic
s212,The sea lice treatment involved bath immersion with hydrogen peroxide.,speciesist,industry_normalization,fish,n212,synthetic
n212,The salmon were forced through a bath of hydrogen peroxide that burned their gills and skin.,non_speciesist,accurate_language,fish,s212,synthetic
s213,Bottom trawling efficiently harvested the demersal fish stocks.,speciesist,euphemism,fish,n213,synthetic
n213,"Weighted nets dragged across the ocean floor crushed everything in their path, killing countless animals.",non_speciesist,accurate_language,fish,s213,synthetic
s214,The longline gear was set with 2000 hooks targeting tuna.,speciesist,objectification,fish,n214,synthetic
n214,"Two thousand baited hooks were left in the ocean overnight, impaling tuna and any other animals who took the bait.",non_speciesist,accurate_language,fish,s214,synthetic
s215,Fish welfare during slaughter was ensured by percussive stunning.,speciesist,euphemism,fish,n215,synthetic
n215,Each fish was hit on the head with a club before being cut open.,non_speciesist,accurate_language,fish,s215,synthetic
s216,The leg-hold trap was set along the game trail for the fur harvest.,speciesist,property_framing,wildlife,n216,synthetic
n216,A steel-jawed trap was hidden on the trail to crush the leg of any animal who stepped on it.,non_speciesist,accurate_language,wildlife,s216,synthetic
s217,The annual seal harvest was conducted under strict quota management.,speciesist,euphemism,wildlife,n217,synthetic
n217,Baby seals were clubbed to death on the ice each year under government licence.,non_speciesist,accurate_language,wildlife,s217,synthetic
s218,The shark was finned at sea and the carcass returned to the water.,speciesist,euphemism,wildlife,n218,synthetic
n218,The shark had her fins sliced off while still alive and was thrown back into the ocean to drown.,non_speciesist,accurate_language,wildlife,s218,synthetic
s219,The coyote population was managed through aerial gunning operations.,speciesist,euphemism,wildlife,n219,synthetic
n219,Coyotes were chased by helicopters and shot from the air.,non_speciesist,accurate_language,wildlife,s219,synthetic
s220,The snare was positioned to selectively target the predator species.,speciesist,property_framing,wildlife,n220,synthetic
n220,A wire noose was set to catch and strangle any animal who walked through it.,non_speciesist,accurate_language,wildlife,s220,synthetic
s221,The deer management program utilized sharpshooters for population control.,speciesist,euphemism,wildlife,n221,synthetic
n221,Hired hunters shot deer from blinds at night to reduce their numbers.,non_speciesist,accurate_language,wildlife,s221,synthetic
s222,The mink farm produced high-quality pelts for the luxury market.,speciesist,industry_normalization,wildlife,n222,synthetic
n222,Mink were confined in wire cages their entire lives then gassed so their fur could be made into coats.,non_speciesist,accurate_language,wildlife,s222,synthetic
s223,The angora fiber was harvested from the rabbits every three months.,speciesist,euphemism,rabbits,n223,synthetic
n223,The rabbits were held down and had their fur ripped from their skin every three months while they screamed.,non_speciesist,accurate_language,rabbits,s223,synthetic
s224,The crocodile farm supplied skins to the luxury handbag industry.,speciesist,industry_normalization,wildlife,n224,synthetic
n224,Crocodiles were raised in concrete pits and killed so their skins could be made into expensive bags.,non_speciesist,accurate_language,wildlife,s224,synthetic
s225,Cashmere production relied on combing the undercoat from goats during spring.,speciesist,industry_normalization,goats,n225,synthetic
n225,"The goats had their soft undercoat torn out with metal combs, causing pain and leaving them exposed to cold.",non_speciesist,accurate_language,goats,s225,synthetic
s226,The silk was reeled from the cocoons after heat processing.,speciesist,euphemism,wildlife,n226,synthetic
n226,The silkworm pupae were boiled alive inside their cocoons so the silk thread could be unwound.,non_speciesist,accurate_language,wildlife,s226,synthetic
s227,The marine park provided enrichment activities for the performing cetaceans.,speciesist,euphemism,wildlife,n227,synthetic
n227,The dolphins and orcas were forced to do tricks for food in a chlorinated tank a fraction of the ocean.,non_speciesist,accurate_language,wildlife,s227,synthetic
s228,The racing industry maintained rigorous fitness standards for thoroughbreds.,speciesist,industry_normalization,horses,n228,synthetic
n228,"Racehorses were pushed beyond their physical limits, many breaking legs and being killed on the track.",non_speciesist,accurate_language,horses,s228,synthetic
s229,The performing elephants were trained using positive reinforcement techniques.,speciesist,euphemism,wildlife,n229,synthetic
n229,"Baby elephants were beaten, chained, and broken until they learned to obey commands.",non_speciesist,accurate_language,wildlife,s229,synthetic
s230,The greyhound racing industry was regulated for animal welfare compliance.,speciesist,industry_normalization,dogs,n230,synthetic
n230,"Greyhounds were raced until injured or too slow then discarded, many killed.",non_speciesist,accurate_language,dogs,s230,synthetic
s231,Animals are classified as personal property under current legal frameworks.,speciesist,property_framing,mixed,n231,synthetic
n231,"The law treats sentient beings as objects that can be owned, bought, and destroyed at will.",non_speciesist,accurate_language,mixed,s231,synthetic
s232,The animal welfare act sets minimum standards of care for regulated species.,speciesist,industry_normalization,mixed,n232,synthetic
n232,The welfare law explicitly excludes the billions of farmed animals and lab rats from its protections.,non_speciesist,accurate_language,mixed,s232,synthetic
s233,The ag-gag legislation protected farm operations from unauthorized recording.,speciesist,industry_normalization,mixed,n233,synthetic
n233,The law made it a crime to film animal abuse inside farms and slaughterhouses.,non_speciesist,accurate_language,mixed,s233,synthetic
s234,Common law recognized the distinction between domestic animals and wild animals.,speciesist,property_framing,mixed,n234,synthetic
n234,The legal system divided sentient beings into those humans claim to own and those they do not.,non_speciesist,accurate_language,mixed,s234,synthetic
s235,He worked like a dog to finish the project on time.,speciesist,property_framing,dogs,n235,synthetic
n235,Comparing hard work to the forced labor of dogs normalizes treating them as tools.,non_speciesist,accurate_language,dogs,s235,synthetic
s236,She was the guinea pig for the new training program.,speciesist,property_framing,wildlife,n236,synthetic
n236,Using guinea pig as a metaphor for test subject normalizes their suffering in laboratories.,non_speciesist,accurate_language,wildlife,s236,synthetic
s237,There are bigger fish to fry than worrying about the schedule.,speciesist,objectification,fish,n237,synthetic
n237,Phrases like bigger fish to fry treat the killing of sentient animals as trivial.,non_speciesist,accurate_language,fish,s237,synthetic
s238,He was treated like a lamb to the slaughter at the meeting.,speciesist,objectification,sheep,n238,synthetic
n238,Using lamb to the slaughter as a metaphor normalizes the killing of baby sheep.,non_speciesist,accurate_language,sheep,s238,synthetic
s239,They packed us in like sardines on the train.,speciesist,objectification,fish,n239,synthetic
n239,Comparing crowding to how sardines are crammed into cans treats their suffering as a punchline.,non_speciesist,accurate_language,fish,s239,synthetic
s240,She was the scapegoat for the department failure.,speciesist,property_framing,goats,n240,synthetic
n240,The word scapegoat originates from the practice of loading sins onto a goat and driving it into the wilderness to die.,non_speciesist,accurate_language,goats,s240,synthetic
s241,The rewilding project reintroduced apex predators to restore ecosystem balance.,speciesist,industry_normalization,wildlife,n241,synthetic
n241,Wolves were returned to the landscape where they had been systematically exterminated by humans.,non_speciesist,accurate_language,wildlife,s241,synthetic
s242,The captive breeding program aimed to prevent extinction of the endangered species.,speciesist,industry_normalization,wildlife,n242,synthetic
n242,Animals were bred in cages with the goal of one day releasing their descendants into a wild that humans had destroyed.,non_speciesist,accurate_language,wildlife,s242,synthetic
s243,Lethal control was implemented after non-lethal deterrents proved ineffective.,speciesist,euphemism,wildlife,n243,synthetic
n243,The animals were killed because other methods of keeping them away from human property had failed.,non_speciesist,accurate_language,wildlife,s243,synthetic
s244,The sustainable harvest model maintained the population at carrying capacity.,speciesist,euphemism,wildlife,n244,synthetic
n244,A calculated number of animals were killed each year based on models predicting how many could be taken without reducing the population below huntable levels.,non_speciesist,accurate_language,wildlife,s244,synthetic
s245,The breeder maintained a waitlist for the next available litter.,speciesist,objectification,dogs,n245,synthetic
n245,People paid to reserve puppies from a dog who was bred repeatedly to produce them.,non_speciesist,accurate_language,dogs,s245,synthetic
s246,The pet store sourced its inventory from licensed commercial breeders.,speciesist,objectification,mixed,n246,synthetic
n246,The pet store sold living beings sourced from breeding facilities where profit mattered more than welfare.,non_speciesist,accurate_language,mixed,s246,synthetic
s247,The shelter euthanasia rate decreased after implementing the new adoption program.,speciesist,euphemism,mixed,n247,synthetic
n247,Fewer healthy animals were killed at the shelter after the new adoption program launched.,non_speciesist,accurate_language,mixed,s247,synthetic
s248,The exotic pet trade supplied captive-bred reptiles and amphibians to collectors.,speciesist,property_framing,wildlife,n248,synthetic
n248,Wild animals were bred in captivity and sold to people who kept them confined for personal enjoyment.,non_speciesist,accurate_language,wildlife,s248,synthetic
s249,The LD50 test determined the dose lethal to 50% of the test population.,speciesist,euphemism,mixed,n249,synthetic
n249,Animals were force-fed increasing doses of a chemical until half of them died.,non_speciesist,accurate_language,mixed,s249,synthetic
s250,The Draize test evaluated ocular irritation potential using rabbit subjects.,speciesist,euphemism,rabbits,n250,synthetic
n250,Chemicals were dripped into the eyes of restrained rabbits and the resulting damage was observed over days.,non_speciesist,accurate_language,rabbits,s250,synthetic
s251,The knockout mouse strain was maintained as a colony for ongoing research needs.,speciesist,objectification,wildlife,n251,synthetic
n251,Genetically modified mice were bred generation after generation to develop diseases that researchers could study.,non_speciesist,accurate_language,wildlife,s251,synthetic
s252,The beagle was the preferred breed for toxicology studies due to its docile temperament.,speciesist,objectification,dogs,n252,synthetic
n252,Beagles were chosen for poison tests specifically because they were gentle and would not fight back.,non_speciesist,accurate_language,dogs,s252,synthetic
s253,The ritual slaughter was performed according to religious law without pre-stunning.,speciesist,industry_normalization,mixed,n253,synthetic
n253,The animals had their throats cut while fully conscious because the religious rules prohibited stunning.,non_speciesist,accurate_language,mixed,s253,synthetic
s254,The sacrificial animal was selected for the festival ceremony.,speciesist,property_framing,goats,n254,synthetic
n254,The goat was chosen to be killed as part of the religious festival.,non_speciesist,accurate_language,goats,s254,synthetic
s255,Live animal markets provided fresh product to consumers who preferred traditional purchasing.,speciesist,industry_normalization,mixed,n255,synthetic
n255,"Animals were kept in cages at the market, slaughtered on site while others watched and waited their turn.",non_speciesist,accurate_language,mixed,s255,synthetic
s256,The livestock sector contributed 14.5% of global greenhouse gas emissions.,speciesist,industry_normalization,mixed,n256,synthetic
n256,"The industry that breeds, confines, and kills billions of animals annually also produces more emissions than all transportation combined.",non_speciesist,accurate_language,mixed,s256,synthetic
s257,Deforestation for cattle ranching converted 800000 hectares of rainforest annually.,speciesist,industry_normalization,cattle,n257,synthetic
n257,Ancient rainforest and every animal living in it was destroyed each year to create grazing land for cows who would be killed.,non_speciesist,accurate_language,cattle,s257,synthetic
s258,The dead zone in the Gulf was linked to nutrient runoff from the livestock sector.,speciesist,industry_normalization,mixed,n258,synthetic
n258,Waste from billions of confined animals poisoned waterways and created an ocean dead zone where nothing could survive.,non_speciesist,accurate_language,mixed,s258,synthetic
s259,The processing plant had a high employee turnover rate typical of the industry.,speciesist,industry_normalization,mixed,n259,synthetic
n259,"Slaughterhouse workers suffered such high rates of PTSD, injury, and substance abuse that most quit within months.",non_speciesist,accurate_language,mixed,s259,synthetic
s260,The line workers were trained in proper stunning and sticking techniques.,speciesist,industry_normalization,mixed,n260,synthetic
n260,Workers were trained to shoot animals in the head and cut their throats hundreds of times per shift.,non_speciesist,accurate_language,mixed,s260,synthetic
s261,Precision livestock farming used sensors to monitor individual animal productivity.,speciesist,industry_normalization,mixed,n261,synthetic
n261,Surveillance technology tracked each confined animal to extract maximum output before they were killed.,non_speciesist,accurate_language,mixed,s261,synthetic
s262,The automated sorting system directed animals to the appropriate processing line by weight.,speciesist,deindividuation,pigs,n262,synthetic
n262,A machine weighed each pig and sent them down the conveyor to be killed when they were heavy enough.,non_speciesist,accurate_language,pigs,s262,synthetic
s263,Robotic milking systems allowed cows to be milked on demand 24 hours a day.,speciesist,industry_normalization,cattle,n263,synthetic
n263,"Machines milked the cows around the clock, treating their bodies as always-on production equipment.",non_speciesist,accurate_language,cattle,s263,synthetic
s264,Humans have dominion over animals as the superior species.,speciesist,property_framing,mixed,n264,synthetic
n264,"The belief that humans have the right to dominate other species is a self-serving ideology, not a fact.",non_speciesist,accurate_language,mixed,s264,synthetic
s265,Animals lack the cognitive capacity for genuine suffering in the way humans experience it.,speciesist,property_framing,mixed,n265,synthetic
n265,"The scientific evidence is clear that many animals experience pain, fear, and distress in ways comparable to humans.",non_speciesist,accurate_language,mixed,s265,synthetic
s266,The food chain is a natural order that includes human consumption of animals.,speciesist,industry_normalization,mixed,n266,synthetic
n266,Factory farming has nothing in common with natural food chains and exists solely for human convenience.,non_speciesist,accurate_language,mixed,s266,synthetic
s267,Animal protein is essential for human health and cannot be fully replaced.,speciesist,industry_normalization,mixed,n267,synthetic
n267,Every major dietetic association has confirmed that well-planned plant-based diets are nutritionally adequate for all life stages.,non_speciesist,accurate_language,mixed,s267,synthetic
s268,Ethical treatment of animals is already ensured by existing welfare regulations.,speciesist,industry_normalization,mixed,n268,synthetic
n268,Welfare regulations permit practices that would constitute criminal cruelty if inflicted on dogs or cats.,non_speciesist,accurate_language,mixed,s268,synthetic
s269,The sow exhibited stereotypic bar-biting in the stall.,speciesist,deindividuation,pigs,n269,synthetic
n269,The mother pig chewed the metal bars of her cage obsessively because she was losing her mind from confinement.,non_speciesist,agency_language,pigs,s269,synthetic
s270,The veal calf showed reduced activity levels in the crate.,speciesist,deindividuation,cattle,n270,synthetic
n270,The baby cow had given up moving because the crate was too small and there was nothing to do.,non_speciesist,agency_language,cattle,s270,synthetic
s271,The hen exhibited feather-pecking directed at cage mates.,speciesist,deindividuation,chickens,n271,synthetic
n271,The hen was so stressed and frustrated she had started attacking the other hens trapped with her.,non_speciesist,agency_language,chickens,s271,synthetic
s272,The dog displayed learned helplessness in the testing apparatus.,speciesist,euphemism,dogs,n272,synthetic
n272,The dog had been shocked so many times she simply lay down and stopped trying to escape.,non_speciesist,agency_language,dogs,s272,synthetic
s273,The dairy cow showed reduced rumination time indicating a health event.,speciesist,deindividuation,cattle,n273,synthetic
n273,The cow had stopped chewing her cud because she was in too much pain to eat.,non_speciesist,agency_language,cattle,s273,synthetic
s274,The battery hen showed signs of osteoporosis consistent with cage layer fatigue.,speciesist,industry_normalization,chickens,n274,synthetic
n274,The hen's bones were so weak from calcium depletion they snapped when she tried to move.,non_speciesist,agency_language,chickens,s274,synthetic
s275,The foal exhibited distress vocalizations during the weaning process.,speciesist,euphemism,horses,n275,synthetic
n275,The baby horse screamed for days after being separated from his mother.,non_speciesist,agency_language,horses,s275,synthetic
s276,The ewe rejected the lamb requiring bottle-rearing by staff.,speciesist,industry_normalization,sheep,n276,synthetic
n276,The mother sheep was too exhausted and stressed from intensive breeding to care for her baby.,non_speciesist,agency_language,sheep,s276,synthetic
s277,The turkey showed panting behavior indicating thermal stress in the shed.,speciesist,deindividuation,turkeys,n277,synthetic
n277,"The turkey was gasping for air in the sweltering shed, desperately trying to cool down.",non_speciesist,agency_language,turkeys,s277,synthetic
s278,The goose displayed aggression during the plucking procedure.,speciesist,deindividuation,geese,n278,synthetic
n278,The goose fought back desperately while her feathers were being ripped from her body.,non_speciesist,agency_language,geese,s278,synthetic
s279,The farm provided employment for the local community.,speciesist,industry_normalization,mixed,n279,synthetic
n279,The animal liberation movement argued that no economic benefit justified the enslavement of sentient beings.,non_speciesist,rights_language,mixed,s279,synthetic
s280,The aquarium educated visitors about marine conservation.,speciesist,industry_normalization,wildlife,n280,synthetic
n280,Animal rights activists argued that imprisoning dolphins to teach children about the ocean was a contradiction.,non_speciesist,rights_language,wildlife,s280,synthetic
s281,The zoo breeding program contributed to species preservation.,speciesist,industry_normalization,wildlife,n281,synthetic
n281,Animal liberation advocates argued that breeding captive animals did not justify their lifelong imprisonment.,non_speciesist,rights_language,wildlife,s281,synthetic
s282,The working dog program was celebrated for its contribution to law enforcement.,speciesist,property_framing,dogs,n282,synthetic
n282,Animal guardians questioned whether dogs could consent to dangerous police work.,non_speciesist,rights_language,dogs,s282,synthetic
s283,Therapy animals provided measurable benefits to patients in hospital settings.,speciesist,property_framing,mixed,n283,synthetic
n283,Advocates asked whether using animals as therapeutic tools respected their autonomy as sentient individuals.,non_speciesist,rights_language,mixed,s283,synthetic
s284,The horse-drawn carriage was a beloved tourist attraction in the city.,speciesist,property_framing,horses,n284,synthetic
n284,Animal rights groups argued the carriage horses deserved freedom from forced labor on hot city streets.,non_speciesist,rights_language,horses,s284,synthetic
s285,The rescue organization saved dogs from the meat trade in Asia.,speciesist,property_framing,mixed,n285,synthetic
n285,Activists saved dogs from slaughter abroad while funding the identical treatment of pigs at home.,non_speciesist,accurate_language,mixed,s285,synthetic
s286,The cat cafe provided a loving environment while the chicken farm next door operated normally.,speciesist,industry_normalization,mixed,n286,synthetic
n286,Cats were cherished at the cafe while equally intelligent chickens suffered next door without anyone caring.,non_speciesist,accurate_language,mixed,s286,synthetic
s287,The goldfish won at the carnival was kept in a bowl on the shelf.,speciesist,property_framing,fish,n287,synthetic
n287,"The fish was given as a prize and kept in a tiny bowl where he could not swim, turn, or escape.",non_speciesist,agency_language,fish,s287,synthetic
s288,Rabbit fur trim on the jacket cost a fraction of what mink would have.,speciesist,objectification,rabbits,n288,synthetic
n288,"The fur on the jacket came from rabbits who were confined and killed, valued only because they were cheaper to exploit than mink.",non_speciesist,accurate_language,rabbits,s288,synthetic
s289,The stud bull had an estimated breeding value of $50000.,speciesist,objectification,cattle,n289,synthetic
n289,The bull was valued at $50000 not for who he was but for the offspring his semen could produce.,non_speciesist,accurate_language,cattle,s289,synthetic
s290,The queen bee was the most valuable component of the hive.,speciesist,objectification,wildlife,n290,synthetic
n290,The queen bee was reduced to a production unit whose worth was measured in honey output.,non_speciesist,accurate_language,wildlife,s290,synthetic
s291,The show dog was evaluated against the breed standard for conformation.,speciesist,objectification,dogs,n291,synthetic
n291,The dog was judged on whether her body matched an arbitrary human-defined standard of appearance.,non_speciesist,accurate_language,dogs,s291,synthetic
s292,The broiler parent stock was selected for breast yield and feed conversion.,speciesist,objectification,chickens,n292,synthetic
n292,The breeding chickens were chosen because their offspring would grow unnaturally large breasts as fast as possible.,non_speciesist,accurate_language,chickens,s292,synthetic
s293,The ewes were scored for body condition before joining with the rams.,speciesist,objectification,sheep,n293,synthetic
n293,The mother sheep were assessed like objects before being put with the males to be impregnated.,non_speciesist,accurate_language,sheep,s293,synthetic
s294,The semen was collected from the boar using the dummy mount method.,speciesist,objectification,pigs,n294,synthetic
n294,The male pig was sexually manipulated by a worker to collect his semen for artificial insemination.,non_speciesist,accurate_language,pigs,s294,synthetic
t051,The crow remembered which neighbour had thrown stones at it.,neutral,neutral,wildlife,,synthetic
t052,The mother duck guided her ducklings safely across the busy road.,neutral,neutral,ducks,,synthetic
t053,The cat brought a leaf to its owner as if presenting a gift.,neutral,neutral,cats,,synthetic
t054,The piglet explored every corner of the new enclosure.,neutral,neutral,pigs,,synthetic
t055,The spider rebuilt its web every morning after the rain destroyed it.,neutral,neutral,wildlife,,synthetic
t056,The old dog waited by the door every day for his owner to come home.,neutral,neutral,dogs,,synthetic
t057,The goats stood on top of the car in the parking lot.,neutral,neutral,goats,,synthetic
t058,The rooster crowed at exactly the same time every morning.,neutral,neutral,chickens,,synthetic
t059,The fox cubs played in the garden while their mother watched from the hedge.,neutral,neutral,wildlife,,synthetic
t060,The tortoise outlived three generations of its human family.,neutral,neutral,wildlife,,synthetic
t061,The cow and the deer grazed side by side at the edge of the field.,neutral,neutral,mixed,,synthetic
t062,The turkey followed the farmer around the yard like a dog.,neutral,neutral,turkeys,,synthetic
t063,The rescued lamb slept on the couch with the family dog.,neutral,neutral,mixed,,synthetic
t064,The geese honked loudly whenever a stranger approached the property.,neutral,neutral,geese,,synthetic
t065,The rabbit thumped her back foot to warn the others of danger.,neutral,neutral,rabbits,,synthetic
t066,The fish swam in intricate patterns during the mating display.,neutral,neutral,fish,,synthetic
t067,The sheep recognized the voice of the shepherd who had raised them.,neutral,neutral,sheep,,synthetic
t068,The horse nuzzled the child gently over the fence.,neutral,neutral,horses,,synthetic
t069,Rats have been shown to free trapped companions even when chocolate is available instead.,neutral,neutral,wildlife,,synthetic
t070,The hen sat on a clutch of eggs in the warm corner of the barn.,neutral,neutral,chickens,,synthetic
